,ID,District Name,NCA,FCP,NLP,ULP,GRN,Winner,,Region,NCA,,FCP,,NLP,,ULP,,GRN,
,,,,,,,,,,,,,,,,,,,,
,1,New Bark Town,0.158,0.433,0.269,0.101,0.039,FCP,,National,11.65%,0.17%,30.43%,-1.34%,31.22%,1.76%,19.54%,0.10%,7.16%,-0.69%
,2,Cherrygrove East,0.138,0.393,0.329,0.091,0.049,FCP,,Johto,12.25%,-0.17%,32.47%,-4.69%,34.46%,3.88%,15.69%,1.11%,5.14%,-0.12%
,3,Cherrygrove Northwest,0.178,0.453,0.229,0.121,0.019,FCP,,Kanto,11.07%,-2.39%,29.41%,-2.35%,34.90%,3.78%,18.74%,1.44%,5.88%,-0.48%
,4,Violet City Gates,0.228,0.343,0.349,0.071,0.009,NLP,,Orre,33.34%,-1.72%,15.56%,-1.88%,18.12%,2.18%,32.23%,1.42%,0.74%,-0.01%
,5,Violet--Whooper,0.158,0.383,0.329,0.101,0.029,FCP,,Hoenn,5.45%,-0.73%,24.56%,-3.69%,33.04%,3.45%,20.20%,1.49%,16.74%,-0.53%
,6,Violet--Scholar,0.088,0.213,0.459,0.201,0.039,NLP,,Sinnoh,20.32%,0.41%,24.66%,-6.16%,27.48%,2.76%,23.78%,3.14%,3.76%,-0.15%
,7,Violet--Falkner,0.058,0.313,0.429,0.171,0.029,NLP,,Oblivia,12.96%,0.12%,39.31%,-4.53%,20.51%,3.18%,8.25%,-0.42%,18.98%,1.64%
,8,Violet--Bellsprout,0.188,0.623,0.129,0.051,0.009,FCP,,Fiore,16.10%,0.57%,37.78%,-2.86%,22.64%,1.64%,14.71%,-0.29%,8.76%,0.94%
,9,Azalea East--Union,0.238,0.433,0.199,0.101,0.029,FCP,,Almia,18.40%,-0.22%,38.65%,-0.66%,25.76%,1.92%,11.84%,-0.93%,5.35%,-0.12%
,10,Azaela--Bugsy,0.138,0.303,0.399,0.121,0.039,NLP,,Ransei,20.26%,-0.61%,50.76%,-1.83%,17.68%,2.32%,10.09%,0.10%,1.20%,0.02%
,11,Azalea West--Ilex Forest,0.018,0.523,0.309,0.051,0.099,FCP,,Unova,10.07%,-0.36%,28.18%,-1.19%,36.66%,2.19%,20.01%,-0.96%,5.08%,0.32%
,12,Goldenrod Highmount,0.008,0.343,0.479,0.101,0.069,NLP,,Kalos,9.66%,0.30%,34.33%,-2.79%,35.96%,1.05%,14.54%,1.51%,5.50%,-0.07%
,13,Goldenrod Gates,0.018,0.353,0.459,0.111,0.059,NLP,,Alola,4.24%,-0.14%,17.93%,-4.74%,40.72%,5.23%,18.54%,-2.04%,18.58%,1.69%
,14,Goldenrod Communion,-0.002,0.283,0.599,0.101,0.019,NLP,,Ryme City,6.11%,-0.31%,21.44%,-2.56%,44.31%,3.74%,21.96%,-1.38%,6.18%,0.52%
,15,Goldenrod--The Scoop,0.008,0.123,0.429,0.381,0.059,NLP,,Galar,8.64%,0.01%,38.16%,-2.27%,21.19%,2.54%,29.15%,-0.24%,2.87%,-0.03%
,16,Goldenrod--Cyclist Lane,0.018,-0.007,0.479,0.401,0.109,NLP,,Territories,8.48%,-0.36%,36.52%,-1.98%,26.23%,1.23%,12.01%,1.01%,16.76%,0.09%
,17,Goldenrod Centre,0.018,0.143,0.429,0.301,0.109,NLP,,,,,,,,,,,,
,18,Goldenrod--Skytrain,0.008,0.003,0.519,0.411,0.059,NLP,,Region,NCA,,FCP,,NLP,,ULP,,GRN,
,19,Goldenrod--Pokeathalon,0.018,0.393,0.399,0.181,0.009,NLP,,National,26,-3,219,-66,298,72,78,0,12,-3
,20,Goldenrod--Sudowoodo,0.078,0.283,0.329,0.271,0.039,NLP,,Johto,2,0,17,-9,22,9,2,0,0,0
,21,Goldenrod--Flowerville,0.038,0.313,0.359,0.051,0.239,NLP,,Kanto,1,0,6,-8,23,8,3,0,0,0
,22,Goldenrod--Whitney,0.048,0.313,0.399,0.181,0.059,NLP,,Orre,6,-1,2,0,4,0,4,1,0,0
,23,Goldenrod--Critic,0.078,0.343,0.409,0.131,0.039,NLP,,Hoenn,0,0,18,-9,34,8,12,1,5,0
,24,Route 37,0.168,0.503,0.179,0.111,0.039,FCP,,Sinnoh,9,-1,24,-8,29,8,10,1,1,0
,25,Ekruteak--Ho-Oh,0.208,0.513,0.179,0.101,-0.001,FCP,,Oblivia,0,0,6,0,0,0,0,0,0,0
,26,Ekruteak--Komono,0.158,0.413,0.359,0.051,0.019,FCP,,Fiore,1,0,13,0,1,0,2,0,0,0
,27,Ekruteak--Morty,0.138,0.333,0.429,0.071,0.029,NLP,,Almia,1,0,9,0,3,0,0,0,0,0
,28,Ekruteak--Lugia,0.268,0.453,0.229,0.041,0.009,FCP,,Ransei,1,1,27,-5,5,4,0,0,0,0
,29,Olivine--Dairy,0.168,0.393,0.309,0.101,0.029,FCP,,Unova,3,0,23,-6,57,8,8,-2,0,0
,30,Olivine--Ampharos,0.018,0.123,0.429,0.371,0.059,NLP,,Kalos,1,0,42,-9,41,9,7,0,0,0
,31,Olivine--Jasmine,0.008,0.143,0.409,0.421,0.019,ULP,,Alola,0,-2,0,-3,41,10,1,-2,1,-3
,32,Olivine--Frontier,0.018,0.293,0.349,0.331,0.009,NLP,,Ryme City,0,0,0,-2,21,3,0,-1,0,0
,33,Olivine--Gulf Islands,0.058,0.163,0.149,0.391,0.239,ULP,,Galar,1,0,27,-7,14,5,29,2,1,0
,34,Cianwood--Whirl Islands,0.238,0.393,0.199,0.041,0.129,FCP,,Territories,0,0,5,0,3,0,0,0,4,0
,35,Cianwood--Chuck,0.058,0.323,0.389,0.071,0.159,NLP,,,,,,,,,,,,
,36,Cianwood--Shuckle,0.138,0.303,0.399,0.091,0.069,NLP,,,,,,,,,,,,
,37,Cianwood--Safari,0.168,0.353,0.329,0.101,0.049,FCP,,,,,,,,,,,,
,38,Lake of Rage,0.208,0.443,0.229,0.101,0.019,FCP,,,,,,,,,,,,
,39,Mahogany--Folkwood,0.388,0.163,0.329,0.081,0.039,NCA,,,,,,,,,,,,
,40,Mahogany--Pryce,0.328,0.263,0.309,0.091,0.009,NCA,,,,,,,,,,,,
,41,Blackthorn--Ice Path,0.188,0.323,0.329,0.151,0.009,NLP,,,,,,,,,,,,
,42,Blackthorn--Clair,0.178,0.343,0.299,0.161,0.019,FCP,,,,,,,,,,,,
,43,Blackthorn--Draitini,0.228,0.423,0.279,0.061,0.009,FCP,,,,,,,,,,,,
,44,Evergrande--Steven,0.003,0.133,0.465,0.235,0.165,NLP,,,,,,,,,,,,
,45,Pallet Town--Tohjo,0.156,0.457,0.258,0.104,0.025,FCP,,,,,,,,,,,,
,46,Viridian West--Mt. Silver--Lance,0.036,0.367,0.408,0.174,0.015,NLP,,,,,,,,,,,,
,47,Viridian North--Forest,0.166,0.407,0.328,0.094,0.005,FCP,,,,,,,,,,,,
,48,Viridian--Blue Garry,0.136,0.327,0.408,0.124,0.005,NLP,,,,,,,,,,,,
,49,Pewter--Brock,0.306,0.077,0.248,0.374,-0.005,ULP,,,,,,,,,,,,
,50,Pewter--Aerodactyl,0.196,0.207,0.248,0.284,0.065,ULP,,,,,,,,,,,,
,51,Pewter--Joey--Mt. Moon,0.306,0.137,0.248,0.304,0.005,NCA,,,,,,,,,,,,
,52,Cerulean--Misty,0.016,0.307,0.418,0.224,0.035,NLP,,,,,,,,,,,,
,53,Cerulean--Bill,0.036,0.317,0.328,0.084,0.235,NLP,,,,,,,,,,,,
,54,Cerulean--Zapdos,0.246,0.267,0.208,0.254,0.025,FCP,,,,,,,,,,,,
,55,Lavender--Mausoleum,0.116,0.657,0.148,0.074,0.005,FCP,,,,,,,,,,,,
,56,Lavender--Fuji,0.166,0.697,0.088,0.044,0.005,FCP,,,,,,,,,,,,
,57,Lavender--Hypno,0.226,0.507,0.158,0.094,0.015,FCP,,,,,,,,,,,,
,58,Saffron--Sabrina,0.006,0.147,0.478,0.304,0.065,NLP,,,,,,,,,,,,
,59,Saffron--Psychic,0.006,0.247,0.428,0.254,0.065,NLP,,,,,,,,,,,,
,60,Saffron--Dojo,-0.004,0.287,0.378,0.284,0.055,NLP,,,,,,,,,,,,
,61,Saffron--Silph,-0.014,0.117,0.488,0.304,0.105,NLP,,,,,,,,,,,,
,62,Saffron--Copycat,-0.004,0.197,0.438,0.324,0.045,NLP,,,,,,,,,,,,
,63,Vermilion--Surge,0.086,0.347,0.398,0.174,-0.005,NLP,,,,,,,,,,,,
,64,Vermilion--Diglet,0.236,0.217,0.328,0.204,0.015,NLP,,,,,,,,,,,,
,65,Vermilion--Fan Club,0.236,0.247,0.438,0.074,0.005,NLP,,,,,,,,,,,,
,66,Celadon North East,0.086,0.307,0.418,0.154,0.035,NLP,,,,,,,,,,,,
,67,Celadon--Cafeville,0.036,0.367,0.398,0.094,0.105,NLP,,,,,,,,,,,,
,68,Celadon--Erika,0.006,0.367,0.418,0.054,0.155,NLP,,,,,,,,,,,,
,70,Celadon Games Corner,0.176,0.257,0.458,0.084,0.025,NLP,,,,,,,,,,,,
,69,Celadon--Grimer,0.176,0.087,0.378,0.074,0.285,NLP,,,,,,,,,,,,
,71,Celadon--Eevee,0.016,0.167,0.508,0.224,0.085,NLP,,,,,,,,,,,,
,72,Celadon--Poliwhirl,-0.014,0.227,0.478,0.274,0.035,NLP,,,,,,,,,,,,
,73,Fuchsia--Snorlax,0.136,0.367,0.368,0.124,0.005,NLP,,,,,,,,,,,,
,74,Fuchsia--Safari,0.046,0.327,0.398,0.134,0.095,NLP,,,,,,,,,,,,
,75,Fuchsia--Fearow,0.016,0.367,0.378,0.174,0.065,NLP,,,,,,,,,,,,
,76,Fuchsia--Koga--Janine,-0.004,0.347,0.388,0.224,0.045,NLP,,,,,,,,,,,,
,77,Cinnabar Ruins--Seafoam,0.316,-0.003,0.068,0.404,0.215,ULP,,,,,,,,,,,,
,78,Phenac--Justy--Orre South East,0.413,0.261,0.112,0.204,0.010,NCA,,,,,,,,,,,,
,79,Phenac--Es Cade--Orre North East,0.323,0.351,0.102,0.224,0.000,FCP,,,,,,,,,,,,
,80,Phenac West--Realgam,0.303,0.201,0.112,0.374,0.010,ULP,,,,,,,,,,,,
,81,Pyrite Colosseum,0.373,0.091,0.162,0.364,0.010,NCA,,,,,,,,,,,,
,82,Pyrite--Old Rock,0.373,0.071,0.132,0.424,0.000,ULP,,,,,,,,,,,,
,83,Pyrite--Ludicolo,0.423,0.101,0.082,0.384,0.010,NCA,,,,,,,,,,,,
,84,Orre North--Mt. Battle,0.473,0.041,0.062,0.424,0.000,NCA,,,,,,,,,,,,
,85,Agate--Eagun,0.273,0.221,0.142,0.364,0.000,ULP,,,,,,,,,,,,
,86,Agate Laboratory,0.223,0.271,0.262,0.224,0.020,FCP,,,,,,,,,,,,
,87,Orre North West,0.403,0.091,0.082,0.414,0.010,ULP,,,,,,,,,,,,
,88,Orre--Borderlands,0.473,0.021,0.042,0.454,0.010,NCA,,,,,,,,,,,,
,89,Citadark Isle--Coast of Orre,0.543,0.001,0.082,0.354,0.020,NCA,,,,,,,,,,,,
,90,Gateon--Krabby,0.173,0.201,0.362,0.254,0.010,NLP,,,,,,,,,,,,
,91,Gateon North,0.243,0.171,0.392,0.194,0.000,NLP,,,,,,,,,,,,
,92,Gateon--Limbo,0.163,0.221,0.352,0.264,0.000,NLP,,,,,,,,,,,,
,93,Gateon--Lighthouse,0.163,0.171,0.422,0.234,0.010,NLP,,,,,,,,,,,,
,94,Littleroot Town,0.103,0.433,0.275,0.075,0.115,FCP,,,,,,,,,,,,
,95,Oldale Town,0.083,0.503,0.265,0.115,0.135,FCP,,,,,,,,,,,,
,96,Petalburg--Ralts,0.113,0.403,0.305,0.055,0.125,FCP,,,,,,,,,,,,
,97,Petalburg--Norman,0.033,0.353,0.375,0.085,0.155,NLP,,,,,,,,,,,,
,98,Petalburg Woods,0.033,0.453,0.245,0.075,0.195,FCP,,,,,,,,,,,,
,99,Rustboro--Roxanne,0.033,0.253,0.405,0.255,0.055,NLP,,,,,,,,,,,,
,100,Rustboro--Runoff,0.043,0.353,0.385,0.205,0.015,NLP,,,,,,,,,,,,
,101,Rustboro--Rusturf,0.173,0.213,0.225,0.285,0.105,ULP,,,,,,,,,,,,
,102,Rustboro--Shedinja,0.013,0.253,0.365,0.255,0.115,NLP,,,,,,,,,,,,
,103,Rustboro--Devon,0.053,0.173,0.475,0.115,0.185,NLP,,,,,,,,,,,,
,104,Rustboro South,0.033,0.313,0.405,0.165,0.085,NLP,,,,,,,,,,,,
,105,Dewford--Magikarp,0.043,0.293,0.345,0.115,0.205,NLP,,,,,,,,,,,,
,106,Dewford--Granite Cave,0.013,0.393,0.325,0.205,0.065,FCP,,,,,,,,,,,,
,107,Dewford--Brawly--Wreckage,0.083,0.333,0.345,0.135,0.105,NLP,,,,,,,,,,,,
,108,Slateport--Beaches--Wreckage,0.043,0.253,0.405,0.075,0.225,NLP,,,,,,,,,,,,
,109,Slateport North--Trick,0.023,0.303,0.415,0.095,0.165,NLP,,,,,,,,,,,,
,110,Slateport--Market,0.003,0.143,0.515,0.125,0.215,NLP,,,,,,,,,,,,
,111,Slateport--Pelipper,0.023,0.143,0.355,0.305,0.175,NLP,,,,,,,,,,,,
,112,Slateport--Museum,0.053,0.093,0.315,0.345,0.195,ULP,,,,,,,,,,,,
,113,Slateport--Sharpedo,0.023,0.083,0.315,0.395,0.185,ULP,,,,,,,,,,,,
,114,Verdanturf--Wally,0.003,0.573,0.255,0.075,0.095,FCP,,,,,,,,,,,,
,115,Verdanturf--Charcoal,0.023,0.443,0.215,0.055,0.265,FCP,,,,,,,,,,,,
,116,Verdanturf--Breeders,0.073,0.423,0.345,0.035,0.125,FCP,,,,,,,,,,,,
,117,New Mauville,0.223,0.183,0.255,0.285,0.055,ULP,,,,,,,,,,,,
,118,Mauville North,0.163,0.253,0.295,0.225,0.065,NLP,,,,,,,,,,,,
,119,Mauville--Watson,0.083,0.203,0.405,0.195,0.115,NLP,,,,,,,,,,,,
,120,Mauville--Magnemite,0.003,0.173,0.375,0.335,0.115,NLP,,,,,,,,,,,,
,121,Mauville--The Glens,-0.007,0.043,0.515,0.295,0.155,NLP,,,,,,,,,,,,
,122,Mauville--Rotom,0.113,0.073,0.355,0.375,0.085,ULP,,,,,,,,,,,,
,123,Mauville--Electrike,0.003,0.083,0.385,0.345,0.185,NLP,,,,,,,,,,,,
,124,Mauville Cafe Block,0.003,0.223,0.325,0.285,0.165,NLP,,,,,,,,,,,,
,125,Mauville--Gulpin,0.093,0.323,0.315,0.235,0.035,FCP,,,,,,,,,,,,
,126,Mauville--Latias--Latios,0.023,0.353,0.195,0.375,0.055,ULP,,,,,,,,,,,,
,127,Mauville North Center,0.013,0.133,0.375,0.375,0.105,ULP,,,,,,,,,,,,
,128,Mauville Center,0.003,0.183,0.435,0.345,0.035,NLP,,,,,,,,,,,,
,129,Mauville--Lions Gate,0.013,0.123,0.365,0.365,0.135,ULP,,,,,,,,,,,,
,130,Mauville--Hightown,-0.007,0.133,0.575,0.125,0.175,NLP,,,,,,,,,,,,
,131,Mauville-Mach Brace,0.013,0.163,0.405,0.255,0.165,NLP,,,,,,,,,,,,
,132,Meteor Falls,0.003,0.293,0.365,0.055,0.285,NLP,,,,,,,,,,,,
,133,Fallarbor North,0.153,0.433,0.255,0.105,0.055,FCP,,,,,,,,,,,,
,134,Fallarbor East--Skarmory,0.203,0.523,0.095,0.025,0.155,FCP,,,,,,,,,,,,
,135,Lavaridge--Flannery,0.163,0.373,0.245,0.145,0.075,FCP,,,,,,,,,,,,
,136,Lavaridge--Mt. Chimney,0.133,0.353,0.225,0.175,0.115,FCP,,,,,,,,,,,,
,137,Lavaridge Square,0.103,0.293,0.295,0.195,0.115,NLP,,,,,,,,,,,,
,138,Fortree--Kecleon,0.013,0.373,0.245,0.055,0.315,FCP,,,,,,,,,,,,
,139,Fortree--Tropius,0.023,0.283,0.345,0.035,0.315,NLP,,,,,,,,,,,,
,140,Fortree--Winona,0.003,0.233,0.385,0.055,0.325,NLP,,,,,,,,,,,,
,141,Fortree--Castform,0.023,0.423,0.255,0.075,0.225,FCP,,,,,,,,,,,,
,142,Route 123--Berry Pastures,0.163,0.323,0.175,0.035,0.305,FCP,,,,,,,,,,,,
,143,Mt. Pyre,0.203,0.623,0.095,0.065,0.015,FCP,,,,,,,,,,,,
,144,Lilycove--Safari,0.063,0.403,0.295,0.075,0.165,FCP,,,,,,,,,,,,
,145,Lilycove--Contest,0.003,0.163,0.395,0.285,0.155,NLP,,,,,,,,,,,,
,146,Lilycove--Lotad,0.013,0.093,0.335,0.305,0.255,NLP,,,,,,,,,,,,
,147,Lilycove--Museum,0.013,0.143,0.395,0.235,0.215,NLP,,,,,,,,,,,,
,148,Lilycove--Tutor,0.003,0.233,0.375,0.255,0.135,NLP,,,,,,,,,,,,
,149,Lilycove--Lighthouse,-0.007,0.123,0.325,0.355,0.205,ULP,,,,,,,,,,,,
,150,Lilycove East,0.003,0.153,0.275,0.305,0.265,ULP,,,,,,,,,,,,
,151,Lilycove Islands,0.013,0.103,0.195,0.305,0.385,GRN,,,,,,,,,,,,
,152,Mossdeep--Space Center,-0.007,0.033,0.435,0.355,0.185,NLP,,,,,,,,,,,,
,153,Mossdeep--Tate,0.003,0.073,0.395,0.305,0.225,NLP,,,,,,,,,,,,
,154,Mossdeep--Liza,0.003,0.053,0.325,0.375,0.245,ULP,,,,,,,,,,,,
,155,Mossdeep--Beldum,0.173,0.103,0.195,0.425,0.105,ULP,,,,,,,,,,,,
,156,Sootopolis--Kyogre,0.153,0.153,0.235,0.225,0.235,GRN,,,,,,,,,,,,
,157,Sootopolis--Groudon,0.093,0.183,0.235,0.235,0.255,GRN,,,,,,,,,,,,
,158,Sootopolis--Juan,0.093,0.073,0.425,0.175,0.235,NLP,,,,,,,,,,,,
,159,Sootopolis--Wallace,0.073,0.063,0.455,0.205,0.205,NLP,,,,,,,,,,,,
,160,Pacifidlog Town,0.013,0.273,0.325,0.055,0.335,GRN,,,,,,,,,,,,
,161,Secret Meadow--Hoenn Gulf Islands--Resort,0.043,0.063,0.355,0.175,0.365,GRN,,,,,,,,,,,,
,162,Twinleaf Town--Lake Verity,0.114,0.428,0.228,0.221,0.008,FCP,,,,,,,,,,,,
,163,Sandgem South--Pal Park,0.124,0.418,0.248,0.191,0.018,FCP,,,,,,,,,,,,
,164,Sandgem--Rowan,0.104,0.338,0.358,0.161,0.038,NLP,,,,,,,,,,,,
,165,Jubilife West--Fishers Rest,0.204,0.328,0.218,0.231,0.018,FCP,,,,,,,,,,,,
,166,Jubilife--Shinx,0.094,0.308,0.388,0.201,0.008,NLP,,,,,,,,,,,,
,167,Jubilife--Schoolyard,0.084,0.318,0.438,0.151,0.008,NLP,,,,,,,,,,,,
,168,Jubilife North,0.104,0.278,0.368,0.221,0.028,NLP,,,,,,,,,,,,
,169,Jubilife--Media Square,0.074,0.078,0.638,0.151,0.058,NLP,,,,,,,,,,,,
,170,Jubilife--Birmy,0.144,0.258,0.358,0.221,0.018,NLP,,,,,,,,,,,,
,171,Jubilife--Looker,0.074,0.158,0.488,0.241,0.038,NLP,,,,,,,,,,,,
,172,Jubilife South Centre,0.104,0.188,0.338,0.361,0.008,ULP,,,,,,,,,,,,
,173,Jubilife Centre,0.114,0.178,0.318,0.381,0.008,ULP,,,,,,,,,,,,
,174,Jubilife--Psyduck,0.194,0.258,0.278,0.251,0.018,NLP,,,,,,,,,,,,
,175,Jubilife--Quick Claw,0.094,0.238,0.328,0.321,0.018,NLP,,,,,,,,,,,,
,176,Jubilife--Budew,0.074,0.338,0.338,0.221,0.028,FCP,,,,,,,,,,,,
,177,Oreburgh Gate,0.524,-0.002,0.118,0.351,0.008,NCA,,,,,,,,,,,,
,178,Oreburgh--Hightown,0.414,0.128,0.208,0.241,0.008,NCA,,,,,,,,,,,,
,179,Oreburgh--Geodude,0.434,0.058,0.178,0.331,-0.002,NCA,,,,,,,,,,,,
,180,Oreburgh--Onyx,0.494,-0.002,0.108,0.391,0.008,NCA,,,,,,,,,,,,
,181,Oreburgh--Coalyard,0.404,0.058,0.078,0.461,-0.002,ULP,,,,,,,,,,,,
,182,Oreburgh--Rourke,0.354,0.028,0.128,0.471,0.018,ULP,,,,,,,,,,,,
,183,Oreburgh--Ponyta,0.434,0.148,0.118,0.291,0.008,NCA,,,,,,,,,,,,
,184,Floaroma--Shaymin,0.104,0.288,0.138,0.091,0.378,GRN,,,,,,,,,,,,
,185,Floaroma--Combee,0.144,0.348,0.318,0.061,0.128,FCP,,,,,,,,,,,,
,186,Floaroma--Windworks,0.054,0.328,0.298,0.131,0.188,FCP,,,,,,,,,,,,
,187,Feugo Ironworks--Eterna Forest--Eterna West,0.394,0.028,0.138,0.321,0.118,NCA,,,,,,,,,,,,
,188,Eterna Centre,0.164,0.208,0.358,0.261,0.008,NLP,,,,,,,,,,,,
,189,Eterna--Palkia,0.234,0.158,0.378,0.221,0.008,NLP,,,,,,,,,,,,
,190,Eterna-Gible,0.264,0.178,0.328,0.191,0.038,NLP,,,,,,,,,,,,
,191,Eterna--Gardenia,0.154,0.268,0.228,0.191,0.158,FCP,,,,,,,,,,,,
,192,Mt. Coronet--Hearthome--River Valley,0.124,0.328,0.228,0.301,0.018,FCP,,,,,,,,,,,,
,193,Hearthome--Coronet Pass,0.104,0.338,0.278,0.271,0.008,FCP,,,,,,,,,,,,
,194,Mt. Coronet Summit,0.264,0.218,0.278,0.221,0.018,NLP,,,,,,,,,,,,
,195,Hearthome South,0.164,0.328,0.318,0.171,0.018,FCP,,,,,,,,,,,,
,196,Hearthome--Fantina,0.174,0.348,0.298,0.151,0.028,FCP,,,,,,,,,,,,
,197,Hearthome--Amity Square,0.174,0.278,0.388,0.141,0.018,NLP,,,,,,,,,,,,
,198,Hearthome Centre,0.194,0.258,0.358,0.171,0.018,NLP,,,,,,,,,,,,
,199,Hearthome--Cathedral,0.244,0.398,0.218,0.131,0.008,FCP,,,,,,,,,,,,
,200,Solaceon Daycare,0.224,0.468,0.128,0.161,0.018,FCP,,,,,,,,,,,,
,201,Solaceon Ruins,0.194,0.478,0.138,0.191,-0.002,FCP,,,,,,,,,,,,
,202,Solaceon--Unown,0.244,0.448,0.138,0.161,0.008,FCP,,,,,,,,,,,,
,203,Veilstone Harbour,0.274,0.178,0.218,0.321,0.008,ULP,,,,,,,,,,,,
,204,Veilsone West,0.414,0.138,0.198,0.251,-0.002,NCA,,,,,,,,,,,,
,205,Veilstone--Galactic,0.204,0.158,0.318,0.311,0.008,NLP,,,,,,,,,,,,
,206,Veilstone--Staraptor,0.244,0.138,0.308,0.301,0.008,NLP,,,,,,,,,,,,
,207,Sendoff Spring--Spring Path,0.134,0.408,0.258,0.121,0.078,FCP,,,,,,,,,,,,
,208,Veilstone Centre,0.174,0.228,0.348,0.241,0.008,NLP,,,,,,,,,,,,
,209,Veilstone--Maylene,0.164,0.238,0.368,0.211,0.018,NLP,,,,,,,,,,,,
,210,Veilstone--Meteorite,0.274,0.178,0.248,0.291,0.008,ULP,,,,,,,,,,,,
,211,Valor Lakefront--Grand Lake,0.144,0.288,0.398,0.141,0.028,NLP,,,,,,,,,,,,
,212,Pastoria Marsh,0.184,0.318,0.218,0.071,0.208,FCP,,,,,,,,,,,,
,213,Pastoria--Coronet's Tail,0.204,0.378,0.208,0.191,0.018,FCP,,,,,,,,,,,,
,214,Pastoria--Wake,0.154,0.258,0.328,0.221,0.038,NLP,,,,,,,,,,,,
,215,Coronet North,0.244,0.308,0.188,0.241,0.018,FCP,,,,,,,,,,,,
,216,Celestic Town,0.224,0.498,0.138,0.131,0.008,FCP,,,,,,,,,,,,
,217,"New Moon, Full Moon and Iron Islands",0.394,0.078,0.118,0.361,0.048,NCA,,,,,,,,,,,,
,218,Canalave West,0.414,0.048,0.108,0.411,0.018,NCA,,,,,,,,,,,,
,219,Canalave South--Harbour,0.244,0.078,0.238,0.401,0.038,ULP,,,,,,,,,,,,
,220,Canalave--Byron,0.234,0.068,0.198,0.471,0.028,ULP,,,,,,,,,,,,
,221,Sinnoh Peak,0.374,0.378,0.118,0.111,0.018,FCP,,,,,,,,,,,,
,222,Snowpoint--Candice--Acuity Lakefront,0.104,0.318,0.368,0.171,0.038,NLP,,,,,,,,,,,,
,223,Snowpoint--Sneasel,0.194,0.398,0.158,0.201,0.048,FCP,,,,,,,,,,,,
,224,Sunyshore West,0.234,0.158,0.298,0.271,0.038,NLP,,,,,,,,,,,,
,225,Sunyshore--Manektrike,0.274,0.128,0.308,0.261,0.028,NLP,,,,,,,,,,,,
,226,Sunyshore East,0.184,0.148,0.278,0.311,0.078,ULP,,,,,,,,,,,,
,227,Sunyshore--Victory Road--Cynthia,0.144,0.428,0.268,0.151,0.008,FCP,,,,,,,,,,,,
,228,Sunyshore--Volkner,0.194,0.158,0.288,0.321,0.038,ULP,,,,,,,,,,,,
,229,Battle Zone Docks,0.014,0.248,0.368,0.361,0.008,NLP,,,,,,,,,,,,
,230,Battle Zone--Lucario,0.074,0.318,0.418,0.121,0.068,NLP,,,,,,,,,,,,
,231,Battle Zone--Garchomp,0.114,0.198,0.418,0.211,0.058,NLP,,,,,,,,,,,,
,232,Battle Zone--Resort,0.064,0.258,0.438,0.131,0.108,NLP,,,,,,,,,,,,
,233,Battle Zone--Stark Mountain,0.024,0.308,0.418,0.221,0.028,NLP,,,,,,,,,,,,
,234,Battle Zone--Survival,0.134,0.328,0.318,0.201,0.018,FCP,,,,,,,,,,,,
,235,Cocona Village,0.151,0.375,0.262,0.086,0.126,FCP,,,,,,,,,,,,
,236,Rainbow Island East,0.131,0.425,0.172,0.096,0.176,FCP,,,,,,,,,,,,
,237,Tilt Village,0.141,0.395,0.202,0.066,0.196,FCP,,,,,,,,,,,,
,238,Mitonga Island East,0.151,0.375,0.152,0.086,0.236,FCP,,,,,,,,,,,,
,239,Layuda--Oblivia Sea,0.111,0.355,0.242,0.086,0.206,FCP,,,,,,,,,,,,
,240,Sophian Island,0.091,0.435,0.202,0.076,0.196,FCP,,,,,,,,,,,,
,241,Ring Town West--Riverbed,0.146,0.411,0.326,0.087,0.029,FCP,,,,,,,,,,,,
,242,Ring Town East--Kisara,0.116,0.561,0.246,0.057,0.019,FCP,,,,,,,,,,,,
,243,Wintown--Fiore North,0.216,0.541,0.176,0.047,0.019,FCP,,,,,,,,,,,,
,244,Summerland West,0.176,0.531,0.186,0.057,0.049,FCP,,,,,,,,,,,,
,245,Summerland--Jungle,0.096,0.381,0.126,0.017,0.379,FCP,,,,,,,,,,,,
,246,Fiore Bay,0.106,0.481,0.156,0.037,0.219,FCP,,,,,,,,,,,,
,247,Gulf of Fiore,0.166,0.561,0.106,0.047,0.119,FCP,,,,,,,,,,,,
,248,Fall--Droop,0.086,0.301,0.286,0.177,0.149,FCP,,,,,,,,,,,,
,249,Fall--Dusk,0.146,0.351,0.326,0.107,0.069,FCP,,,,,,,,,,,,
,250,Fiore East,0.166,0.561,0.106,0.117,0.049,FCP,,,,,,,,,,,,
,251,Fall--Southside,0.046,0.341,0.316,0.207,0.089,FCP,,,,,,,,,,,,
,252,Fall--Eastside,0.106,0.351,0.296,0.187,0.059,FCP,,,,,,,,,,,,
,253,Fall North East,0.216,0.271,0.246,0.237,0.029,FCP,,,,,,,,,,,,
,254,Fall North West,0.246,0.161,0.236,0.287,0.069,ULP,,,,,,,,,,,,
,255,Fall West Centre,0.246,0.141,0.206,0.387,0.019,ULP,,,,,,,,,,,,
,256,Fall East Centre,0.296,0.251,0.216,0.187,0.049,NCA,,,,,,,,,,,,
,257,Fall South Centre,0.166,0.221,0.286,0.257,0.069,NLP,,,,,,,,,,,,
,258,Chicole--Almia South,0.178,0.473,0.239,0.081,0.029,FCP,,,,,,,,,,,,
,259,Veintown West--Shellos--Almia West,0.158,0.433,0.279,0.111,0.019,FCP,,,,,,,,,,,,
,260,Veintown East--Academy,0.108,0.303,0.409,0.101,0.079,NLP,,,,,,,,,,,,
,261,Altru,0.098,0.283,0.389,0.121,0.109,NLP,,,,,,,,,,,,
,262,Peultown Fields,0.128,0.443,0.289,0.081,0.059,FCP,,,,,,,,,,,,
,263,Peultown--Dockyards,0.228,0.333,0.209,0.201,0.029,FCP,,,,,,,,,,,,
,264,Peultown Quarters,0.148,0.413,0.299,0.101,0.039,FCP,,,,,,,,,,,,
,265,Peultown--Altru Park,0.088,0.303,0.379,0.171,0.059,NLP,,,,,,,,,,,,
,266,Shiver Camp--Ranger Union--North West Almia,0.208,0.483,0.159,0.131,0.019,FCP,,,,,,,,,,,,
,268,Haruba South,0.208,0.433,0.329,0.031,-0.001,FCP,,,,,,,,,,,,
,267,Haruba--Hippowdon,0.218,0.553,0.209,0.021,-0.001,FCP,,,,,,,,,,,,
,269,Boyleland East--Coastal Islands,0.258,0.353,0.049,0.101,0.239,FCP,,,,,,,,,,,,
,270,Boyleland West--Chroma Highlands,0.368,0.213,0.109,0.291,0.019,NCA,,,,,,,,,,,,
,2701,Aurora West,0.274,0.452,0.053,0.211,0.010,FCP,,,,,,,,,,,,
,271,Aurora East--Citadel,0.154,0.472,0.353,0.021,0.000,FCP,,,,,,,,,,,,
,272,Ignis,0.204,0.472,0.073,0.241,0.010,FCP,,,,,,,,,,,,
,273,Greenleaf Citadel,0.214,0.512,0.183,0.091,0.000,FCP,,,,,,,,,,,,
,274,Greenleaf Daimyo,0.214,0.662,0.083,0.041,0.000,FCP,,,,,,,,,,,,
,275,Fontaine Citadel,0.184,0.582,0.163,0.061,0.010,FCP,,,,,,,,,,,,
,276,Fontaine Village,0.214,0.572,0.053,0.141,0.020,FCP,,,,,,,,,,,,
,277,Pugilis West,0.254,0.622,0.093,0.031,0.000,FCP,,,,,,,,,,,,
,278,Pugilis East,0.214,0.642,0.073,0.041,0.030,FCP,,,,,,,,,,,,
,279,Violight East--Haunter,0.204,0.592,0.183,0.021,0.000,FCP,,,,,,,,,,,,
,280,Violight West,0.224,0.612,0.163,0.001,0.000,FCP,,,,,,,,,,,,
,281,Chrysalia Citadel,0.134,0.372,0.383,0.101,0.010,NLP,,,,,,,,,,,,
,282,Chrysalia Daimyo,0.084,0.662,0.133,0.101,0.020,FCP,,,,,,,,,,,,
,283,Terrera Quarry,0.284,0.322,0.073,0.321,0.000,FCP,,,,,,,,,,,,
,284,Terrara Citadel,0.224,0.572,0.113,0.071,0.020,FCP,,,,,,,,,,,,
,285,Illusio West,0.264,0.472,0.183,0.071,0.010,FCP,,,,,,,,,,,,
,286,Illusio Citadel--Daimyo,0.144,0.612,0.143,0.091,0.010,FCP,,,,,,,,,,,,
,287,Cragspur Mountains,0.324,0.372,0.093,0.211,0.000,FCP,,,,,,,,,,,,
,288,Cragspur East,0.364,0.362,0.113,0.141,0.020,NCA,,,,,,,,,,,,
,289,Viperia North,0.254,0.522,0.163,0.051,0.010,FCP,,,,,,,,,,,,
,290,Viperia Cliffs,0.264,0.592,0.113,0.021,0.010,FCP,,,,,,,,,,,,
,291,Yaksha Centre,0.164,0.322,0.353,0.131,0.040,NLP,,,,,,,,,,,,
,292,Yaksha Outer,0.084,0.632,0.233,0.041,0.010,FCP,,,,,,,,,,,,
,293,Avia,0.154,0.522,0.043,0.261,0.020,FCP,,,,,,,,,,,,
,294,Illusio Lake,0.204,0.702,0.053,0.041,0.000,FCP,,,,,,,,,,,,
,295,Spectra East--Citadel,0.124,0.422,0.413,0.031,0.010,FCP,,,,,,,,,,,,
,296,Spectra West--Daimyo,0.134,0.642,0.063,0.141,0.020,FCP,,,,,,,,,,,,
,297,Nixstorm Island East,0.094,0.452,0.333,0.111,0.010,FCP,,,,,,,,,,,,
,298,Nixstrom Island West,0.304,0.452,0.043,0.181,0.020,FCP,,,,,,,,,,,,
,299,Dragnor Citadel,0.234,0.372,0.383,0.011,0.000,NLP,,,,,,,,,,,,
,300,Dragnor--The Village,0.284,0.462,0.123,0.111,0.020,FCP,,,,,,,,,,,,
,301,Valora South,0.054,0.362,0.413,0.131,0.040,NLP,,,,,,,,,,,,
,302,Valora North--Citadel,0.164,0.372,0.393,0.061,0.010,NLP,,,,,,,,,,,,
,303,Nuvema Town,0.136,0.328,0.342,0.100,0.093,NLP,,,,,,,,,,,,
,304,Accumula Commons,0.076,0.198,0.492,0.200,0.033,NLP,,,,,,,,,,,,
,305,Accumula--Furret,0.056,0.378,0.362,0.180,0.023,FCP,,,,,,,,,,,,
,306,Accumula West,0.086,0.408,0.232,0.230,0.043,FCP,,,,,,,,,,,,
,307,Striaton--Blitzle,0.056,0.338,0.412,0.150,0.043,NLP,,,,,,,,,,,,
,308,Striaton--Pansear,0.026,0.328,0.482,0.130,0.033,NLP,,,,,,,,,,,,
,309,Striaton--Cilan--Chili--Cress,0.016,0.228,0.342,0.210,0.203,NLP,,,,,,,,,,,,
,310,Striaton--Dreamyard,0.256,0.268,0.282,0.140,0.053,NLP,,,,,,,,,,,,
,311,Striaton Park,0.016,0.278,0.502,0.100,0.103,NLP,,,,,,,,,,,,
,312,Nacrene North-East,0.166,0.338,0.172,0.300,0.023,FCP,,,,,,,,,,,,
,313,Nacrene East,0.136,0.198,0.352,0.260,0.053,NLP,,,,,,,,,,,,
,315,Nacrene North-West,0.176,0.158,0.312,0.290,0.063,NLP,,,,,,,,,,,,
,314,Nacrene--Lenora,0.186,0.258,0.222,0.310,0.023,ULP,,,,,,,,,,,,
,316,Nacrene--Pinwheel,0.136,0.458,0.162,0.200,0.043,FCP,,,,,,,,,,,,
,317,Castelia East--Skyarrow Bridge,0.046,0.418,0.332,0.180,0.023,FCP,,,,,,,,,,,,
,318,Castelia Shoreline,0.096,0.198,0.352,0.280,0.073,NLP,,,,,,,,,,,,
,319,Castelia Pier,0.016,0.218,0.412,0.230,0.123,NLP,,,,,,,,,,,,
,320,Castelia--Garbadour,0.026,0.148,0.432,0.330,0.063,NLP,,,,,,,,,,,,
,321,Castelia--Pokehattan,0.006,0.118,0.582,0.200,0.093,NLP,,,,,,,,,,,,
,322,Castelia West,0.016,0.228,0.442,0.240,0.073,NLP,,,,,,,,,,,,
,323,Castelia Centre,0.006,0.118,0.632,0.130,0.113,NLP,,,,,,,,,,,,
,324,Castelia--Dronx,0.016,0.208,0.422,0.300,0.053,NLP,,,,,,,,,,,,
,325,Castelia--Swoobat,0.026,0.228,0.542,0.170,0.033,NLP,,,,,,,,,,,,
,326,Castelia--Cofagrius,0.076,0.278,0.502,0.100,0.043,NLP,,,,,,,,,,,,
,327,Castelia--Uptown,0.006,0.268,0.572,0.060,0.093,NLP,,,,,,,,,,,,
,328,Castelia--Burgh,0.016,0.148,0.612,0.150,0.073,NLP,,,,,,,,,,,,
,329,Castelia--North Gate,0.006,0.238,0.452,0.220,0.083,NLP,,,,,,,,,,,,
,330,Castelia--Unity Tower,0.016,0.338,0.432,0.110,0.103,NLP,,,,,,,,,,,,
,331,Route 4 Desert,0.296,0.498,0.082,0.110,0.013,FCP,,,,,,,,,,,,
,332,Nimbasa East--Lostlorne,0.126,0.438,0.342,0.070,0.023,FCP,,,,,,,,,,,,
,333,Nimbasa North--Entralink Park,0.056,0.248,0.402,0.030,0.263,NLP,,,,,,,,,,,,
,334,Lostlorne North,0.206,0.548,0.152,0.010,0.083,FCP,,,,,,,,,,,,
,3365,Nimbasa--Westshore,0.156,0.478,0.242,0.100,0.023,FCP,,,,,,,,,,,,
,335,Nimbasa--Park North,0.006,0.208,0.572,0.150,0.063,NLP,,,,,,,,,,,,
,336,Nimbasa--Park Centre,0.006,0.258,0.562,0.130,0.043,NLP,,,,,,,,,,,,
,337,Nimbasa--Park South,0.006,0.228,0.512,0.200,0.053,NLP,,,,,,,,,,,,
,338,Nimbasa--Emolga,0.136,0.368,0.342,0.130,0.023,FCP,,,,,,,,,,,,
,339,Nimbasa--Joltik,0.166,0.388,0.282,0.150,0.013,FCP,,,,,,,,,,,,
,340,Nimbasa--Flaafy,0.106,0.378,0.392,0.100,0.023,NLP,,,,,,,,,,,,
,341,Nimbasa--Zebstrika,0.036,0.318,0.512,0.100,0.033,NLP,,,,,,,,,,,,
,342,Nimbasa--Raichu,0.026,0.258,0.492,0.200,0.023,NLP,,,,,,,,,,,,
,343,Nimbasa--Galvantula,0.036,0.208,0.432,0.260,0.063,NLP,,,,,,,,,,,,
,344,Nimbasa--Elektross,0.026,0.168,0.412,0.310,0.083,NLP,,,,,,,,,,,,
,345,Nimbasa--Stunfisk,0.006,0.238,0.512,0.160,0.083,NLP,,,,,,,,,,,,
,346,Nimbasa--Luxray,0.016,0.178,0.462,0.280,0.063,NLP,,,,,,,,,,,,
,347,Nimbasa--Elesa,0.006,0.158,0.542,0.210,0.083,NLP,,,,,,,,,,,,
,348,Nimbasa--Thunderpark,0.016,0.198,0.402,0.350,0.033,NLP,,,,,,,,,,,,
,349,Nimbasa--Tynamo,0.016,0.158,0.402,0.380,0.043,NLP,,,,,,,,,,,,
,350,Nimbasa--Discharge,0.016,0.148,0.412,0.310,0.113,NLP,,,,,,,,,,,,
,351,Nimbasa--Centre,0.016,0.098,0.592,0.230,0.063,NLP,,,,,,,,,,,,
,352,Nimbasa--Thunder Wave,0.026,0.198,0.442,0.310,0.023,NLP,,,,,,,,,,,,
,353,Driftveil--Lower Parks,0.156,0.228,0.332,0.270,0.013,NLP,,,,,,,,,,,,
,354,Driftveil--Clay,0.306,0.128,0.132,0.410,0.023,ULP,,,,,,,,,,,,
,355,Driftveil Centre,0.186,0.238,0.292,0.260,0.023,NLP,,,,,,,,,,,,
,356,Driftveil--PWT,0.206,0.178,0.262,0.330,0.023,ULP,,,,,,,,,,,,
,357,Driftveil--On-The-River,0.326,0.128,0.172,0.350,0.023,ULP,,,,,,,,,,,,
,358,Driftveil--North,0.386,0.048,0.112,0.430,0.023,ULP,,,,,,,,,,,,
,359,Driftveil--Westgate,0.436,0.068,0.102,0.380,0.013,NCA,,,,,,,,,,,,
,360,Mistralton--Runway,0.026,0.348,0.352,0.200,0.033,NLP,,,,,,,,,,,,
,361,Mistralton--Braviary,0.036,0.368,0.432,0.130,0.033,NLP,,,,,,,,,,,,
,362,Mistralton--Skyla,0.016,0.378,0.462,0.110,0.033,NLP,,,,,,,,,,,,
,363,Icirrus--Twist,0.126,0.478,0.172,0.200,0.023,FCP,,,,,,,,,,,,
,364,Icirrus East,0.186,0.508,0.152,0.130,0.023,FCP,,,,,,,,,,,,
,365,Icirrus--Brycen,0.076,0.448,0.402,0.050,0.023,FCP,,,,,,,,,,,,
,366,Opelucid South East,0.056,0.378,0.352,0.180,0.033,FCP,,,,,,,,,,,,
,367,Opelucid West--Gates,0.076,0.388,0.232,0.280,0.023,FCP,,,,,,,,,,,,
,368,Opelucid Centre,0.036,0.328,0.392,0.210,0.033,NLP,,,,,,,,,,,,
,369,Opelucid--Memorial,0.026,0.408,0.392,0.150,0.023,FCP,,,,,,,,,,,,
,370,Opelucid--Iris--Drayden,0.006,0.388,0.412,0.180,0.013,NLP,,,,,,,,,,,,
,371,Unova League--Iris--Alder,0.026,0.318,0.342,0.300,0.013,NLP,,,,,,,,,,,,
,372,Lacunosa--Chasm,0.016,0.198,0.412,0.310,0.063,NLP,,,,,,,,,,,,
,373,Lacunosa South,0.006,0.378,0.462,0.100,0.053,NLP,,,,,,,,,,,,
,374,Undella Town,0.006,0.488,0.482,0.010,0.013,FCP,,,,,,,,,,,,
,375,Black City North West,0.386,0.068,0.162,0.360,0.023,NCA,,,,,,,,,,,,
,376,Anville Town,0.396,0.048,0.102,0.440,0.013,ULP,,,,,,,,,,,,
,377,Black City South West,0.356,0.018,0.202,0.410,0.013,ULP,,,,,,,,,,,,
,378,Black City South East,0.036,0.318,0.432,0.150,0.063,NLP,,,,,,,,,,,,
,379,Black City North East,0.156,0.278,0.402,0.120,0.043,NLP,,,,,,,,,,,,
,380,Aspertia East,0.026,0.408,0.452,0.080,0.033,NLP,,,,,,,,,,,,
,381,Aspertia--Overlook,0.016,0.418,0.482,0.060,0.023,NLP,,,,,,,,,,,,
,382,Asperia--Charen,0.006,0.438,0.432,0.080,0.043,FCP,,,,,,,,,,,,
,383,Floccesy--Cave of Being,0.056,0.538,0.372,0.020,0.013,FCP,,,,,,,,,,,,
,384,Floccesy--Retirement--Ranch,0.136,0.558,0.232,0.060,0.013,FCP,,,,,,,,,,,,
,385,Virbank Mountains,0.206,0.358,0.282,0.130,0.023,FCP,,,,,,,,,,,,
,386,Virbank West,0.156,0.228,0.302,0.250,0.063,NLP,,,,,,,,,,,,
,387,Virbank--Complex--Liberty,0.476,0.028,0.042,0.430,0.023,NCA,,,,,,,,,,,,
,388,Virbank--Roxie,0.306,0.108,0.162,0.400,0.023,ULP,,,,,,,,,,,,
,389,Lentimas Town,0.266,0.378,0.112,0.230,0.013,FCP,,,,,,,,,,,,
,390,Humilau--Resort,0.006,0.298,0.462,0.090,0.143,NLP,,,,,,,,,,,,
,391,Humilau Centre,0.006,0.328,0.482,0.050,0.133,NLP,,,,,,,,,,,,
,392,Humilau--Chasm,0.006,0.318,0.502,0.050,0.123,NLP,,,,,,,,,,,,
,393,Vaniville Town,0.013,0.412,0.461,0.055,0.059,NLP,,,,,,,,,,,,
,394,Aquacorde Town,0.013,0.432,0.451,0.025,0.079,NLP,,,,,,,,,,,,
,395,Santalune Markets,0.023,0.472,0.431,0.035,0.039,FCP,,,,,,,,,,,,
,396,Santalune--Viola,0.013,0.462,0.421,0.045,0.059,FCP,,,,,,,,,,,,
,397,Santalune South West,0.013,0.472,0.461,0.025,0.029,FCP,,,,,,,,,,,,
,398,Santalune--Cafe,0.013,0.442,0.471,0.035,0.039,NLP,,,,,,,,,,,,
,399,Lumiose--Route 4,0.013,0.482,0.451,0.045,0.009,FCP,,,,,,,,,,,,
,400,Lumiose--Gogoat,0.023,0.462,0.441,0.055,0.019,FCP,,,,,,,,,,,,
,401,Lumiose--Lake,0.013,0.432,0.461,0.045,0.049,NLP,,,,,,,,,,,,
,402,Lumiose--Dumont,0.013,0.302,0.471,0.135,0.079,NLP,,,,,,,,,,,,
,403,Lumiose--Dedenne,0.013,0.312,0.491,0.135,0.049,NLP,,,,,,,,,,,,
,404,Lumiose--Greninja,0.023,0.292,0.481,0.155,0.049,NLP,,,,,,,,,,,,
,405,Lumiose--Chespin,0.013,0.262,0.461,0.225,0.039,NLP,,,,,,,,,,,,
,406,Lumiose--Delphox,0.013,0.312,0.401,0.215,0.059,NLP,,,,,,,,,,,,
,407,Lumiose--Diggersby,0.313,0.122,0.151,0.365,0.049,ULP,,,,,,,,,,,,
,408,Lumiose--Talonflame,0.013,0.412,0.431,0.085,0.059,NLP,,,,,,,,,,,,
,409,Lumiose--Pyroar,0.023,0.392,0.391,0.095,0.099,FCP,,,,,,,,,,,,
,410,Lumiose--Floette,0.013,0.372,0.321,0.055,0.239,FCP,,,,,,,,,,,,
,411,Lumiose--Aegislash,0.243,0.182,0.211,0.345,0.019,ULP,,,,,,,,,,,,
,412,Lumiose--Triumph,0.043,0.292,0.471,0.135,0.059,NLP,,,,,,,,,,,,
,413,Lumiose Centre East,0.023,0.142,0.571,0.175,0.089,NLP,,,,,,,,,,,,
,415,Lumiose--Central Avenue,0.013,0.182,0.501,0.225,0.079,NLP,,,,,,,,,,,,
,416,Lumiose--Combee,0.023,0.202,0.451,0.215,0.109,NLP,,,,,,,,,,,,
,417,Lumiose--High Tree,0.023,0.232,0.391,0.065,0.289,NLP,,,,,,,,,,,,
,418,Lumiose--Goldeen,0.013,0.242,0.621,0.055,0.069,NLP,,,,,,,,,,,,
,419,Lumiose--Laporte,0.013,0.362,0.451,0.145,0.029,NLP,,,,,,,,,,,,
,420,Lumiose--Republique,0.023,0.082,0.681,0.105,0.109,NLP,,,,,,,,,,,,
,422,Lumiose North Centre,0.013,0.232,0.601,0.065,0.089,NLP,,,,,,,,,,,,
,4243,Lumiose--Eggecutor,0.013,0.292,0.491,0.165,0.039,NLP,,,,,,,,,,,,
,425,Lumiose--Quebec,0.013,0.312,0.391,0.225,0.059,NLP,,,,,,,,,,,,
,427,Lumiose--Diancie,0.063,0.262,0.221,0.345,0.109,ULP,,,,,,,,,,,,
,428,Lumiose--Klefki,0.013,0.252,0.311,0.305,0.119,NLP,,,,,,,,,,,,
,429,Lumiose--Whimsicott,0.013,0.192,0.411,0.225,0.159,NLP,,,,,,,,,,,,
,430,Lumiose--Xerneas,0.023,0.152,0.411,0.275,0.139,NLP,,,,,,,,,,,,
,431,Lumiose--Yveltal,0.013,0.182,0.381,0.305,0.119,NLP,,,,,,,,,,,,
,432,Lumiose--Hawlucha,0.013,0.232,0.431,0.225,0.099,NLP,,,,,,,,,,,,
,433,Lumiose--Pangoro,0.033,0.362,0.391,0.155,0.059,NLP,,,,,,,,,,,,
,434,Lumiose--Furfrou,0.023,0.392,0.411,0.125,0.049,NLP,,,,,,,,,,,,
,435,Lumiose--Aromatisse,0.013,0.402,0.351,0.155,0.079,FCP,,,,,,,,,,,,
,436,Lumiose--Barbaracle,0.023,0.362,0.371,0.105,0.139,NLP,,,,,,,,,,,,
,437,Lumiose--Noivern,0.023,0.432,0.401,0.105,0.039,FCP,,,,,,,,,,,,
,438,Lumiose--Gourgeist,0.013,0.362,0.451,0.145,0.029,NLP,,,,,,,,,,,,
,439,Lumiose--Trevenant,0.013,0.422,0.391,0.135,0.039,FCP,,,,,,,,,,,,
,440,Lumiose--Goodra,0.013,0.322,0.451,0.175,0.039,NLP,,,,,,,,,,,,
,441,Lumiose--Sylveon,0.013,-0.028,0.441,0.415,0.159,NLP,,,,,,,,,,,,
,442,Lumiose--Aurorus,0.023,0.302,0.401,0.255,0.019,NLP,,,,,,,,,,,,
,445,Lumiose--Malamar,0.013,0.242,0.341,0.245,0.159,NLP,,,,,,,,,,,,
,414,Lumiose Centre,0.013,0.042,0.531,0.355,0.059,NLP,,,,,,,,,,,,
,423,Lumiose--Tyrantrum,0.013,0.182,0.341,0.405,0.059,ULP,,,,,,,,,,,,
,443,Lumiose--Heliolisk,0.033,0.162,0.371,0.345,0.089,NLP,,,,,,,,,,,,
,446,Camphrier East--Lumiose Outskirts,0.123,0.422,0.331,0.095,0.029,FCP,,,,,,,,,,,,
,447,Camphrier West,0.143,0.412,0.301,0.105,0.039,FCP,,,,,,,,,,,,
,448,Cyllage East--Parfum Palace,0.163,0.452,0.301,0.065,0.019,FCP,,,,,,,,,,,,
,449,Cyllage Bayside,0.193,0.382,0.271,0.125,0.029,FCP,,,,,,,,,,,,
,450,Cyllage West--Bridgeside,0.213,0.372,0.251,0.135,0.029,FCP,,,,,,,,,,,,
,451,Cyllage Race Quarter,0.173,0.452,0.231,0.105,0.039,FCP,,,,,,,,,,,,
,452,Cyllage South Centre,0.223,0.432,0.201,0.095,0.049,FCP,,,,,,,,,,,,
,453,Cyllage East Centre,0.253,0.422,0.231,0.055,0.039,FCP,,,,,,,,,,,,
,454,Ambrette South,0.363,0.112,0.401,0.135,0.009,NLP,,,,,,,,,,,,
,455,Ambrette North,0.403,0.092,0.301,0.165,0.039,NCA,,,,,,,,,,,,
,456,Geosenge East,0.213,0.612,0.101,0.065,0.009,FCP,,,,,,,,,,,,
,457,Geosenge South,0.263,0.562,0.101,0.065,0.009,FCP,,,,,,,,,,,,
,458,Shalour South--Reflection,0.163,0.452,0.151,0.095,0.039,FCP,,,,,,,,,,,,
,459,Shalour West--Port,0.213,0.302,0.171,0.255,0.059,FCP,,,,,,,,,,,,
,460,Shalour North--Cliffs,0.143,0.492,0.231,0.085,0.049,FCP,,,,,,,,,,,,
,461,Coumarine West--Route 12,0.243,0.462,0.161,0.095,0.039,FCP,,,,,,,,,,,,
,462,Coumarine South--Lumiose Outskirts,0.263,0.452,0.151,0.085,0.049,FCP,,,,,,,,,,,,
,463,Coumarine South East,0.153,0.212,0.291,0.285,0.059,NLP,,,,,,,,,,,,
,464,Coumarine North Centre,0.183,0.202,0.201,0.375,0.039,ULP,,,,,,,,,,,,
,465,Coumarine North East,0.163,0.222,0.241,0.345,0.029,ULP,,,,,,,,,,,,
,466,Laverre South West,0.173,0.412,0.281,0.115,0.019,FCP,,,,,,,,,,,,
,467,Laverre North West,0.193,0.452,0.271,0.075,0.009,FCP,,,,,,,,,,,,
,468,Laverre South East,0.163,0.432,0.291,0.075,0.039,FCP,,,,,,,,,,,,
,469,Laverre North East,0.183,0.462,0.301,0.045,0.009,FCP,,,,,,,,,,,,
,470,Dendemille North,0.213,0.512,0.201,0.065,0.009,FCP,,,,,,,,,,,,
,471,Dendemille South,0.223,0.522,0.221,0.025,0.009,FCP,,,,,,,,,,,,
,472,Anistar Lake,0.193,0.362,0.341,0.075,0.029,FCP,,,,,,,,,,,,
,473,Anistar West--Lakeside,0.173,0.392,0.351,0.065,0.019,FCP,,,,,,,,,,,,
,474,Anistar North East--Valley,0.173,0.422,0.331,0.065,0.009,FCP,,,,,,,,,,,,
,475,Anistar Centre--South East,0.183,0.392,0.341,0.065,0.019,FCP,,,,,,,,,,,,
,476,Couriway South--Lake,0.113,0.482,0.321,0.055,0.029,FCP,,,,,,,,,,,,
,477,Couriway Centre,0.123,0.342,0.401,0.115,0.019,NLP,,,,,,,,,,,,
,478,Snowbelle North West--Frozen Lake West,0.143,0.462,0.301,0.065,0.029,FCP,,,,,,,,,,,,
,479,Snowbelle North East--Frozen Lake East,0.133,0.432,0.321,0.095,0.019,FCP,,,,,,,,,,,,
,780,Snowbelle South West,0.123,0.452,0.371,0.045,0.009,FCP,,,,,,,,,,,,
,781,Snowbelle South East,0.153,0.482,0.301,0.055,0.009,FCP,,,,,,,,,,,,
,782,Kalos League,0.133,0.252,0.281,0.305,0.029,ULP,,,,,,,,,,,,
,783,Kiloude South West,0.093,0.412,0.401,0.065,0.029,FCP,,,,,,,,,,,,
,784,Kiloude North West,0.073,0.402,0.411,0.105,0.009,NLP,,,,,,,,,,,,
,785,Kiloude East,0.083,0.392,0.391,0.115,0.019,FCP,,,,,,,,,,,,
,786,Kiloude South East,0.063,0.382,0.401,0.145,0.009,NLP,,,,,,,,,,,,
,787,Iki Town North--Melemele Meadow,0.009,0.263,0.412,0.170,0.147,NLP,,,,,,,,,,,,
,788,Iki Town South,0.019,0.243,0.432,0.160,0.147,NLP,,,,,,,,,,,,
,789,Kala'e Bay--Melemele Sea--Ten Carat Hill,0.009,0.273,0.342,0.200,0.177,NLP,,,,,,,,,,,,
,790,Mahalo Trail--Verdant Cavern--Big Wave Beach,0.019,0.243,0.392,0.190,0.157,NLP,,,,,,,,,,,,
,791,Hau'oli West--Big Wave Beach,0.009,0.173,0.442,0.150,0.227,NLP,,,,,,,,,,,,
,792,Hau'oli Dockyards,0.089,0.143,0.312,0.300,0.157,NLP,,,,,,,,,,,,
,793,Hau'oli Port--Beachside,0.039,0.163,0.302,0.240,0.257,NLP,,,,,,,,,,,,
,794,Hau'oli East,0.059,0.243,0.402,0.140,0.157,NLP,,,,,,,,,,,,
,795,Hau'oli Heights,0.009,0.223,0.482,0.150,0.137,NLP,,,,,,,,,,,,
,796,Hau'oli Mallside,0.019,0.193,0.442,0.190,0.157,NLP,,,,,,,,,,,,
,797,Hau'oli Merchant's Quarter,0.009,0.193,0.502,0.090,0.207,NLP,,,,,,,,,,,,
,798,Hau'oli Centre,0.009,0.143,0.492,0.170,0.187,NLP,,,,,,,,,,,,
,799,Heahea Port,0.019,0.203,0.382,0.260,0.137,NLP,,,,,,,,,,,,
,800,Heahea Docks,0.069,0.123,0.302,0.330,0.177,ULP,,,,,,,,,,,,
,801,Heahea Quay,0.019,0.213,0.382,0.220,0.167,NLP,,,,,,,,,,,,
,802,Heahea--Akala Divide,0.029,0.143,0.392,0.250,0.187,NLP,,,,,,,,,,,,
,803,Heahea Centre,0.019,0.133,0.482,0.200,0.167,NLP,,,,,,,,,,,,
,804,Heahea Mainstreet,0.009,0.163,0.532,0.170,0.127,NLP,,,,,,,,,,,,
,805,Heahea--Tide Song Hotel,0.019,0.143,0.552,0.140,0.147,NLP,,,,,,,,,,,,
,806,Heahea Boundaries,0.019,0.243,0.502,0.160,0.077,NLP,,,,,,,,,,,,
,807,Paniola West--Ranch--Brooklet Hill,0.079,0.353,0.432,0.060,0.077,NLP,,,,,,,,,,,,
,808,Paniola East--Jungle--Volcano--Hano Resort,0.059,0.373,0.412,0.070,0.087,NLP,,,,,,,,,,,,
,809,Akala--Diglett's Tunnel,0.069,0.253,0.372,0.240,0.067,NLP,,,,,,,,,,,,
,810,Konikoni East--Tunnelout,0.059,0.243,0.442,0.120,0.137,NLP,,,,,,,,,,,,
,811,Konikoni--Memorial Hill--Akala Outskirts,0.009,0.233,0.472,0.190,0.097,NLP,,,,,,,,,,,,
,812,Konikoni Centre,0.019,0.053,0.602,0.220,0.107,NLP,,,,,,,,,,,,
,813,Konikoni--Lighthouse,0.019,0.033,0.522,0.250,0.177,NLP,,,,,,,,,,,,
,8134,Malie Garden,0.009,0.143,0.362,0.140,0.347,NLP,,,,,,,,,,,,
,814,Hokulani Observatory,0.029,0.143,0.312,0.230,0.287,NLP,,,,,,,,,,,,
,815,Mount Hokulani,0.089,0.213,0.342,0.200,0.157,NLP,,,,,,,,,,,,
,816,Malie South,0.039,0.173,0.342,0.240,0.207,NLP,,,,,,,,,,,,
,817,Malie South Centre,0.019,0.193,0.362,0.170,0.257,NLP,,,,,,,,,,,,
,818,Malie Centre,0.009,0.093,0.342,0.260,0.297,NLP,,,,,,,,,,,,
,819,Malie Docks--Port,0.019,0.123,0.392,0.300,0.167,NLP,,,,,,,,,,,,
,820,Blush Mountain,0.049,0.243,0.352,0.140,0.217,NLP,,,,,,,,,,,,
,821,Haina Desert--Ula'ula Beach--Abandoned Mart,0.279,-0.007,0.302,0.220,0.207,NLP,,,,,,,,,,,,
,822,Aether House--Ula'ula Gulf,0.099,0.093,0.192,0.160,0.457,GRN,,,,,,,,,,,,
,823,Po Town--Lake of the Sunne/Moone--Ula'ula Meadow,0.329,0.063,0.362,0.120,0.127,NLP,,,,,,,,,,,,
,824,Mount Lanakila,0.019,0.233,0.342,0.250,0.157,NLP,,,,,,,,,,,,
,825,Battle Tree--Altar of the Sunne/Moone--Exeggutor Island,0.009,0.213,0.342,0.110,0.327,NLP,,,,,,,,,,,,
,826,Poni Gauntlet--Meadow--Grove--Coast--Path,0.009,0.193,0.442,0.130,0.227,NLP,,,,,,,,,,,,
,827,Seafolk Village,0.009,0.183,0.362,0.140,0.307,NLP,,,,,,,,,,,,
,828,Aether Paradise--Alola Sea,0.009,0.033,0.612,0.150,0.197,NLP,,,,,,,,,,,,
,8121,Rangers Mountains',0.156,0.460,0.142,0.220,0.021,FCP,,,,,,,,,,,,
,8131,Ryme West,0.237,0.084,0.317,0.276,0.085,NLP,,,,,,,,,,,,
,8151,Ryme Bay,0.037,0.374,0.417,0.136,0.035,NLP,,,,,,,,,,,,
,8141,Ryme East--Southmount,0.087,0.384,0.417,0.086,0.025,NLP,,,,,,,,,,,,
,8161,Ryme North--Highway,0.137,0.264,0.367,0.196,0.035,NLP,,,,,,,,,,,,
,8171,Ryme--Mr. Mime,0.117,0.184,0.427,0.206,0.065,NLP,,,,,,,,,,,,
,8181,Ryme--Arcanine,0.057,0.194,0.447,0.216,0.085,NLP,,,,,,,,,,,,
,8191,Ryme--Hartlem,0.067,0.214,0.417,0.246,0.055,NLP,,,,,,,,,,,,
,8201,Ryme North Park,0.097,0.204,0.407,0.226,0.065,NLP,,,,,,,,,,,,
,8211,Ryme Downpark,0.077,0.224,0.427,0.196,0.075,NLP,,,,,,,,,,,,
,8221,Ryme Industrial Park,0.067,0.214,0.457,0.216,0.045,NLP,,,,,,,,,,,,
,8231,Ryme Centre,0.017,0.204,0.477,0.236,0.065,NLP,,,,,,,,,,,,
,8241,Ryme Metropolitan,0.017,0.154,0.497,0.266,0.065,NLP,,,,,,,,,,,,
,8251,Ryme--Mainstroad,0.047,0.184,0.427,0.256,0.085,NLP,,,,,,,,,,,,
,8261,Ryme--Arts Quarter,0.037,0.224,0.417,0.246,0.075,NLP,,,,,,,,,,,,
,8271,Ryme--Dover,0.037,0.214,0.467,0.236,0.045,NLP,,,,,,,,,,,,
,8281,Ryme--Cronx,0.067,0.204,0.447,0.226,0.055,NLP,,,,,,,,,,,,
,8291,Ryme--Northstroad,0.017,0.194,0.477,0.246,0.065,NLP,,,,,,,,,,,,
,8301,Ryme--Parkside,0.007,0.194,0.477,0.246,0.075,NLP,,,,,,,,,,,,
,8311,Ryme--Yoinkers,0.017,0.184,0.547,0.196,0.055,NLP,,,,,,,,,,,,
,8321,Ryme--Highpark,0.037,0.204,0.457,0.236,0.065,NLP,,,,,,,,,,,,
,8331,Ryme--Monarchs,0.007,0.194,0.507,0.216,0.075,NLP,,,,,,,,,,,,
,834,Postwick--Slumbering Weald,0.040,0.647,0.095,0.208,0.010,FCP,,,,,,,,,,,,
,835,Wedgehurst Hills--Railyard,0.030,0.617,0.115,0.218,0.020,FCP,,,,,,,,,,,,
,836,Wedgehurst Lake--Labratory,0.050,0.507,0.235,0.198,0.010,FCP,,,,,,,,,,,,
,837,Wedgehurst Town--Wedgehurstshire,0.010,0.637,0.125,0.218,0.010,FCP,,,,,,,,,,,,
,838,Motostokeshire,0.070,0.597,0.175,0.138,0.020,FCP,,,,,,,,,,,,
,839,Motostoke West--Route 3,0.050,0.437,0.085,0.418,0.010,FCP,,,,,,,,,,,,
,840,Motostoke East--Outskirts--Eastmine,0.150,0.397,0.055,0.388,0.010,FCP,,,,,,,,,,,,
,841,Motostoke North--Kingsground,0.100,0.417,0.095,0.368,0.020,FCP,,,,,,,,,,,,
,842,Motostoke--Parkland,0.020,0.367,0.505,0.098,0.010,NLP,,,,,,,,,,,,
,843,Motostoke Industrial Yard,0.120,0.267,0.185,0.398,0.030,ULP,,,,,,,,,,,,
,844,Motostoke--Gateway,0.060,0.347,0.485,0.088,0.020,NLP,,,,,,,,,,,,
,845,Motostoke Railyard East,0.160,0.317,0.075,0.438,0.010,ULP,,,,,,,,,,,,
,846,Motostoke Railyard West,0.060,0.347,0.095,0.478,0.020,ULP,,,,,,,,,,,,
,847,Motostoke--Brighton,0.010,0.257,0.185,0.038,0.510,GRN,,,,,,,,,,,,
,848,Motostoke--Highstreet,0.220,0.207,0.165,0.398,0.010,ULP,,,,,,,,,,,,
,849,Motostoke--Lowvale,0.160,0.297,0.045,0.488,0.010,ULP,,,,,,,,,,,,
,850,Turffield--Westmine--Turffshire,0.070,0.597,0.245,0.068,0.020,FCP,,,,,,,,,,,,
,851,Turffield Town,0.060,0.447,0.445,0.038,0.010,FCP,,,,,,,,,,,,
,852,Turffield Pastures,0.050,0.497,0.085,0.328,0.040,FCP,,,,,,,,,,,,
,853,Turffield Stadium,0.080,0.467,0.095,0.338,0.020,FCP,,,,,,,,,,,,
,854,Hulbury--Outer--North,0.140,0.457,0.255,0.138,0.010,FCP,,,,,,,,,,,,
,855,Hulbury--Outer--South,0.160,0.417,0.285,0.118,0.020,FCP,,,,,,,,,,,,
,856,Hulbury Quay,0.090,0.357,0.065,0.478,0.010,ULP,,,,,,,,,,,,
,857,Hulbury Stadium,0.120,0.347,0.075,0.438,0.020,ULP,,,,,,,,,,,,
,858,Hulbury Lighthouse,0.100,0.357,0.075,0.458,0.010,ULP,,,,,,,,,,,,
,859,Hammershire,0.040,0.607,0.185,0.148,0.020,FCP,,,,,,,,,,,,
,860,Hammerlocke Gates,0.020,0.317,0.235,0.418,0.010,ULP,,,,,,,,,,,,
,861,Hammerlocke Desert,0.060,0.637,0.135,0.158,0.010,FCP,,,,,,,,,,,,
,862,Hammerlocke East,0.060,0.307,0.235,0.388,0.010,ULP,,,,,,,,,,,,
,863,Hammerlocke North East,0.110,0.187,0.215,0.478,0.010,ULP,,,,,,,,,,,,
,864,Hammerlocke West,0.250,0.237,0.045,0.458,0.010,ULP,,,,,,,,,,,,
,865,Hammerlocke--Kings Cross,0.090,0.287,0.125,0.488,0.010,ULP,,,,,,,,,,,,
,866,Hammerlocke--Southstreet,0.120,0.237,0.145,0.478,0.020,ULP,,,,,,,,,,,,
,867,Hammerlocke Wells,0.110,0.257,0.115,0.488,0.030,ULP,,,,,,,,,,,,
,868,Hammerlocke Centre,0.150,0.307,0.075,0.448,0.020,ULP,,,,,,,,,,,,
,869,Stow-on-Side Fields,0.120,0.457,0.085,0.308,0.030,FCP,,,,,,,,,,,,
,870,Stow-on-Side Hills,0.090,0.537,0.105,0.248,0.020,FCP,,,,,,,,,,,,
,871,Stow-on-Side Centre,0.030,0.417,0.085,0.458,0.010,ULP,,,,,,,,,,,,
,872,Stow-on-Side--Tangle Gates,0.010,0.437,0.085,0.438,0.030,ULP,,,,,,,,,,,,
,873,Ballonlea East Borders,0.060,0.547,0.295,0.088,0.010,FCP,,,,,,,,,,,,
,874,Ballonlea Town,0.030,0.297,0.465,0.198,0.010,NLP,,,,,,,,,,,,
,875,Ballonlea West Borders,0.080,0.537,0.285,0.078,0.020,FCP,,,,,,,,,,,,
,876,Chirchestershire South,0.120,0.377,0.405,0.088,0.010,NLP,,,,,,,,,,,,
,877,Chirchester Passage,0.130,0.567,0.135,0.158,0.010,FCP,,,,,,,,,,,,
,878,Chirchester Snowden,0.020,0.347,0.385,0.238,0.010,NLP,,,,,,,,,,,,
,879,Chirchester Bay,0.050,0.377,0.175,0.378,0.020,ULP,,,,,,,,,,,,
,880,Chirchestershire North,0.100,0.557,0.125,0.208,0.010,FCP,,,,,,,,,,,,
,881,Chirchester Lowroad,0.030,0.497,0.115,0.348,0.010,FCP,,,,,,,,,,,,
,882,Chirchester--Palacetown,0.070,0.437,0.465,0.018,0.010,NLP,,,,,,,,,,,,
,883,Chirchester Park,0.110,0.397,0.415,0.058,0.020,NLP,,,,,,,,,,,,
,884,Chirchester South Centre,0.020,0.147,0.385,0.438,0.010,ULP,,,,,,,,,,,,
,885,Chirchester Centre,0.040,0.397,0.055,0.488,0.020,ULP,,,,,,,,,,,,
,888,Route 9 Tunnel,0.060,0.537,0.085,0.308,0.010,FCP,,,,,,,,,,,,
,886,Spikemuth West,0.440,0.097,0.045,0.398,0.020,NCA,,,,,,,,,,,,
,887,Spikemuth East,0.370,0.137,0.055,0.428,0.010,ULP,,,,,,,,,,,,
,897,Wyndonshire East,0.210,0.527,0.185,0.058,0.020,FCP,,,,,,,,,,,,
,898,Wyndonshire West,0.170,0.547,0.145,0.128,0.010,FCP,,,,,,,,,,,,
,899,Wyndon North East,0.130,0.337,0.085,0.438,0.010,ULP,,,,,,,,,,,,
,900,Cities of Wyndon and Topminster,0.010,0.357,0.445,0.158,0.030,NLP,,,,,,,,,,,,
,901,Wyndon Tower,0.040,0.377,0.185,0.388,0.010,ULP,,,,,,,,,,,,
,902,Wyndon North West,0.020,0.307,0.065,0.588,0.020,ULP,,,,,,,,,,,,
,903,Wyndon Clockside,0.030,0.327,0.135,0.478,0.030,ULP,,,,,,,,,,,,
,904,Wyndon Eye,0.020,0.287,0.345,0.328,0.020,NLP,,,,,,,,,,,,
,905,Wyndon Goldenshoppe,0.010,0.357,0.485,0.108,0.040,NLP,,,,,,,,,,,,
,906,Wyndon Southtown,0.040,0.267,0.465,0.208,0.020,NLP,,,,,,,,,,,,
,907,Wyndon Centre,0.020,0.267,0.295,0.388,0.030,ULP,,,,,,,,,,,,
,908,Wyndon Park,0.030,0.187,0.195,0.548,0.040,ULP,,,,,,,,,,,,
,909,Wyndon South East,0.140,0.397,0.335,0.108,0.020,FCP,,,,,,,,,,,,
,910,Wyndon Gateway,0.070,0.307,0.185,0.418,0.020,ULP,,,,,,,,,,,,
,911,Isle of Armour,0.020,0.087,0.585,0.098,0.210,NLP,,,,,,,,,,,,
,999,Galar Gulf,0.030,0.167,0.575,0.068,0.160,NLP,,,,,,,,,,,,
,1000,Freezingtonshire,0.050,0.267,0.415,0.208,0.060,NLP,,,,,,,,,,,,
,1001,Decalore--Faraway--Guyana Territories,0.066,0.270,0.262,0.030,0.371,GRN,,,,,,,,,,,,
,10021,Orange Islands Territory,0.096,0.200,0.272,0.020,0.411,GRN,,,,,,,,,,,,
,1003,Central Great Sea,0.006,0.540,0.102,0.340,0.011,FCP,,,,,,,,,,,,
,1004,Carmonte Territory,0.246,0.570,0.092,0.070,0.021,FCP,,,,,,,,,,,,
,1005,Holon Territory,0.116,0.220,0.272,0.100,0.291,GRN,,,,,,,,,,,,
,1006,Pasio Territories,0.136,0.530,0.202,0.120,0.011,FCP,,,,,,,,,,,,
,1002,Smash City Territory,0.086,0.310,0.502,0.090,0.011,NLP,,,,,,,,,,,,
,10061,Trading Territory,0.006,0.330,0.402,0.170,0.091,NLP,,,,,,,,,,,,
,1007,Sevii Islands Territory,0.006,0.220,0.302,0.030,0.441,GRN,,,,,,,,,,,,
,1008,Ferrum Territory,0.086,0.470,0.252,0.150,0.041,FCP,,,,,,,,,,,,
,1009,Lental Territory,0.006,0.260,0.342,0.100,0.291,NLP,,,,,,,,,,,,